{   
    "deciles": {
        "1":0.30130951151366137,
        "2":0.3762475327224189,
        "3":0.4374229758413084,
        "4":0.49613692659398134,
        "5":0.5508993798975972,
        "6":0.5984582191138497,
        "7":0.637083171289514,
        "8":0.6662606599424576,
        "9":0.6858581722043098,
        "10":0.6931471805597931
    },
    "quartiles": {
        "1":0.40650880058881267,
        "2":0.5508993798975972,
        "3":0.6529423862653887,
        "4":0.6931471805597931
    }
}
